document_id,source_sha256,pages,stored_status,stored_rows,stored_candidates,local_status,local_rows,local_candidates,headed_pages,unpaired_exact_35_58,unpaired_exact_35_46,unpaired_fuzzy_35_58,unpaired_fuzzy_35_46,pages_with_unpaired_exact_35_58
8221321,a11a8608a49ddd4dc599c5c7cdd00c08d4a18849bd5ca9157f5678f8de83e67b,2,failure,,0,failure,,0,0,13,0,16,0,1|2
8221322,26f1ce2fb7823d2e84ea4fbde24514c5c6371b43a828720d50f21b1c8c7ad314,56,success,289,0,success,304,0,0,968,883,1279,1151,2|3|4|5|6|7|8|9|10|11|12|13|14|15|16|17|18|19|20|21|22|23|24|25|26|27|28|29|30|31|32|33|34|35|36|37|38|39|40|41|42|43|44|45|46|47|48|49|50|51|52|53|54|55|56
8221326,adbb2422df7a789bed852b5b6a319be744eea57b55802c17df8ecddd522b8a87,3,success,31,0,success,31,0,0,0,0,0,0,
8221332,881e6363952d6a6e502d0b46335712d806c3503966c051bdd2a2212c6eecefe3,1,success,0,0,success,0,0,0,0,0,0,0,
8221358,4df42ba1c69022a27f57daa8928ab9f74db7614a678da296fc1e76083d82e816,41,success,223,0,success,229,0,0,605,389,762,465,2|3|4|5|6|7|8|9|10|11|12|13|14|15|16|17|18|19|20|21|22|23|24|25|26|27|28|29|30|31|32|33|34|35|36|37|38|39|40|41
8221359,f9a70eab14f09a3ee99748058a7eed7dfa9be2f62817066a35d6acfd673b097e,5,success,57,0,success,74,0,0,0,0,0,0,
8221360,106083fc58815d570a6f4128e6f76d9e791d38707f55275b9c5686dd35179d3a,5,success,4,0,success,3,0,0,31,13,42,20,1|2|3|4|5
9115704,c830ee046083e8894f0a360f011186e755f3bbf0d6b83c7084611e80e1776d81,2,failure,,0,success,7,1,2,0,0,0,0,
9115711,42d8eda1c952b16aa21f1293a8f7f34592441c0757eac9a1650bbc8c95d7e564,1,failure,,0,failure,,0,0,0,0,0,0,
9115726,b453fddb193c7cabca36c818e2f8a92e4140c1a77e12a4ecae4d3b530bdceca1,43,success,161,0,success,158,0,0,598,351,788,418,2|3|4|5|6|7|8|9|10|11|12|13|14|15|16|17|18|19|20|21|22|23|24|25|26|27|28|29|30|31|32|33|34|35|36|37|38|39|40|41|42|43
9115728,38fd4e814542a1010e7df774145956510e37f0b6c2085bbf84c4a0077ef5d767,5,success,49,0,success,49,0,0,2,0,2,0,5
9115762,0f8693b3d1df1b5620ca75a7cfcd8ec1150e3cc22a264afd81f614756e72fc3b,1,success,0,0,success,0,0,0,0,0,0,0,
9115808,05b2fa3becd71c9bb141690130708079407e52a6e169cdacf42a467e09e0bda5,1,failure,,0,failure,,0,0,1,1,1,1,1
9115809,0955f6961d01717aefa76635a84579d868b66d73cddbefdb9ec87f59bcc3fbbf,2,failure,,0,failure,,0,0,3,1,3,1,1|2
9115811,2f4b2b6e98e044e6368a072275804bc61dda52f6f1e15c09ddb9074ea1b8952c,1,failure,,0,failure,,0,0,2,1,2,1,1
9115812,f482dc24b86f6099b22cb2ad15cc400f63eefdaa54354e779832f6a337a962c8,2,success,1,0,success,1,0,0,8,4,15,8,1
9115813,737955c7c26c497eda37f4378e1af51409b6231204a82d7ae2c3f25c10e0ae84,2,success,1,0,failure,,0,0,1,0,16,8,2
9115814,fa5caf02b1b6d2b3238b28277a32fbfb0cdf1f452ee1e5246bf2a9719bdf04c6,2,failure,,0,failure,,0,0,2,1,11,6,2
9115815,cd5d96fd9574074203021afd03aba9950b28199951a06a26d4c0d39b7a16c8ad,2,success,3,0,success,5,0,0,9,3,12,6,1|2
9115816,7b63c7eed7a3568ac352bba8e968a330768ddbe7590a632924fca11db18f9cc0,1,failure,,0,failure,,0,0,4,2,4,2,1
9115820,e1254f953327174fe80a856137e386c3dea42aa58728d350105822bfabab6860,4,success,28,0,success,52,22,0,0,0,0,0,
9115821,01062352d9464041e4f4a4ca934a2690fa924e95d57c66836bbbd75905d7c7c4,2,success,2,0,success,2,1,0,18,0,18,0,1|2
9115822,9b345e0f1377af7bbdd227a11d10cf1ec302462b113ede890a5b65998d1e86af,30,success,108,0,success,111,0,0,376,284,519,333,2|3|4|5|6|7|8|9|10|11|12|13|14|15|16|17|18|19|20|21|22|23|24|25|26|27|28
9115901,4733b9c84441cefbcfdf929c349dfbb7010546c81d916c622c775610a8c48ccd,2,failure,,0,failure,,0,0,4,2,5,3,1
9116141,716cdcc10bd57c400f10d8bb4133eb667931a9699fb1835ed3b7deca010a36a1,6,success,60,0,success,71,0,0,0,0,0,0,
9116142,e2e0fb69369dbb5b56c3c214792a126ab73c4bcd280e960f14e76eaa0368f6b0,41,success,172,0,success,176,0,0,692,399,855,433,2|3|4|5|6|7|8|9|10|11|12|13|14|15|16|17|18|19|20|21|22|23|24|25|26|27|28|29|30|31|32|33|34|35|36|37|38|39|40|41
9116146,30c359457b29fde3cf0d76216c9b9927e21d675f2e8f8b8541042637a875204a,1,success,0,0,success,0,0,1,0,0,0,0,
9116197,e89ec2f7ff2bd362f273002d70184a21a7da1da382b41e756fed163377802a71,2,failure,,0,failure,,0,0,0,0,4,2,
9116206,e52065ddff1df9c62032993d8352c66d9ad3971b7bd27518c5fe5bbf3a8048e4,32,success,97,0,success,110,0,0,425,395,562,531,2|3|4|5|6|7|8|9|10|11|12|13|14|15|16|17|18|19|20|21|22|23|24|25|26|27|28|29|30|31|32
9116211,4b9b6aff9ef8f857ea3483be1643667994bfdeee625679dab290f6332afacebe,6,success,56,0,success,75,0,0,0,0,0,0,
9116212,758f38089886db42330f33a9fc8ed8b9960b0edf0c28247fa34afc1a2694a660,1,failure,,0,failure,,0,0,4,0,4,0,1
9116217,9a68e774d4a7948d523a8fecf4ce835fe0fa9dee34089a84b4234306beca3408,1,failure,,0,failure,,0,0,0,0,0,0,
9116218,58579e4ebcaf0aac95dacb7d84fc886004cb47a6620c2c94c39172038d00daf4,1,success,1,0,success,1,0,0,0,0,0,0,
9116249,6578dc8f56ca3b087743fa89e5cf82140de1444a7f09f9d3709b5cd63fdb366e,1,failure,,0,failure,,0,0,0,0,0,0,
9116256,20a57322d6853c46b523003c13d6c795d145eb0bca5796c5110c7b847d2a9edd,2,failure,,0,failure,,0,0,12,6,12,6,1|2
9116257,974a902f4dd6fe7eaeba9968d8fd2b70ba0ca8e522116fe5c0bcb1e617b736f5,1,failure,,0,failure,,0,0,2,1,2,1,1
9116258,73e80d211184171ae2eef8dd089ef3271ceff76978abe95e24fbc681bd6d4155,2,success,2,0,success,2,0,0,16,8,16,8,1|2
9116260,40abd1de969ff344fab5f3c8950a17ebb8ab5df993ded910f00e48d0d47e385d,2,failure,,0,success,2,0,0,7,3,8,4,1|2
9116267,05081479c7a1e25becfb7035cbc0107c3d56aedcd82eeff50d4a8f26b9e026a5,18,success,64,0,success,66,0,0,258,258,388,388,3|4|5|6|7|8|9|10|11|12|13|14|15|16|17|18
9116290,7cc36ca57a26ba0331fff01f6210d58d41719f074017442c14fc47983b27b42d,2,success,4,1,success,4,1,0,14,0,14,0,1|2
9116292,7bc49307a68e1dcfc8676fb885118da00f7fcf5b51a297eae214a65e564f209d,2,failure,,0,failure,,0,0,10,0,10,0,1|2
9116308,58443ef6f4d8ffb63524a94d2ed65b186f8eb7d38e5651947ea932751c8c0452,2,failure,,0,failure,,0,0,2,0,2,0,2
9116311,aa3092ca162c206e04512a28baf0e06619e49252779e035cdf10e5afa6ccbe8c,1,success,0,0,success,0,0,0,0,0,0,0,
9116326,be114957d03486636e639fe9d6c124c71ba8634e2f38f5dfb672eee92502ad2d,2,failure,,0,success,2,0,0,12,6,12,6,1|2
9116328,2b8a3cebc4a69f509593496502f0821ebac60359a37fd2e7908d0ddf1fbd3526,18,success,59,0,success,60,0,0,232,197,344,278,2|3|4|5|6|7|8|9|10|11|12|13|14|15|16|17|18
9116331,58cefce89a3fe84a5d4893337e79b4bc9add769d02fac1869403456afd5a4343,2,failure,,0,failure,,0,0,10,5,10,5,1|2
9116342,595f56ee7d8b5528b34939d9e7a85ec01981d89432f525289d7320cca4c4ea69,1,failure,,0,failure,,0,0,1,0,1,0,1
