document_id,source_sha256,disposition,row_count_status,observed_extraction_rows,qualified_rows,quarantined_rows,failure_reason
20019182,5b1b60bea609310f4288adce9557702231cd1f23eb5ceabf1c0babc3fe867b37,parsed,observed_extraction,8,8,0,
20020055,4a12b888c2c89ebbfad5c280fa8a6af52489218dbec402ca2abc803436d8fa3f,parsed,observed_extraction,1,1,0,
20022577,c4c941e91f9b7707597d1cfb961928eeabb654338ffdbac72b820f2ded51c03c,parsed,observed_extraction,1,1,0,
20030977,76053146c191866009c30ba05b192e472aac616195137db9f5ea0e87274da39a,parsed,observed_extraction,224,222,2,
20032279,75ad98da0600b63556ac1ef10fc278a5a1dacad1daee6332da3eb618a18ee0ed,parsed,observed_extraction,2,2,0,
20033500,f6f6e66c570201816e6d29787faf617bc6d430182a50a887f97a6c4d8d39caec,parsed,observed_extraction,1,1,0,
20033648,7bc6374aca85f017363897d3a83b973283be68555ebbf5d0ed42ed5fbb6b2231,parsed,observed_extraction,20,20,0,
20033654,07636561bf8eb7afd1fd1710b4942fc2e1f36bb7b7100e485072d6d9e39be89a,parsed,observed_extraction,19,19,0,
20033661,18d2d4c6992d4d23e483930da561ef1e80c80044256e63b13e14a263f816dd1d,parsed,observed_extraction,4,4,0,
20033695,ae73e613fa6681de72c2134abfd98a48bb062821f841db6d40639dddf542a9d1,parsed,observed_extraction,4,0,4,
20033705,a031c9c6244b26d42671102f35fa376442703afad53ef9debb5eced89c62fa71,parsed,observed_extraction,2,2,0,
20033709,577dba8dd8eb5ff7674cd60bbf062f33e43f6e2461b149b70c7cfb874092e1b6,parsed,observed_extraction,2,2,0,
20033713,773eb323b196c288021fb560174b690724ea486c415b17eaf5ce7ebb4d285a45,parsed,observed_extraction,5,5,0,
20033714,29833e326b6853ac17993e97c3a7b046597d56b3e041ba860cc3e05940cef032,parsed,observed_extraction,3,3,0,
20033718,8063543c4c80811389c527c4b9b742abeaa16aa981baf2de638ad2d3344db1f6,parsed,observed_extraction,4,4,0,
20033725,8ddf562e617976594595f2e921d63f9aab8dfd898524673d4560dfe495cfd28f,parsed,observed_extraction,18,18,0,
20033732,13d21ea4878ef3ed529a011152bf17d0f416f187b2950d135883be4d4f12b3d5,parsed,observed_extraction,5,5,0,
20033734,ac54f7761de83b0e1b9224ab10e37b5230df18ee138e12848996fb422b818ad7,parsed,observed_extraction,1,1,0,
20033736,a2d7ee4f4846b37d8beb15c4dd98b53af6feb3ba2b7bc4fc1b23e7f34c07bdd3,parsed,observed_extraction,1,1,0,
20033737,0b717e5a003cba305e42bcafc6e37042e45fdba7b8c4b9c6ca3528237eeef6b9,parsed,observed_extraction,16,16,0,
20033738,62c0e616143176a602318c957f20ae3228b997f689942f059068e08290c0a961,parsed,observed_extraction,2,2,0,
20033739,127b086dfd1c19ba282e0e365ca00f19064f61ae6b99ffd93069785332e48ad8,parsed,observed_extraction,6,6,0,
20033744,cc7dab30305eaefd639776fa896555574ad182f5b8ddf6d5cbacd7773057ce3d,parsed,observed_extraction,1,1,0,
20033746,356695f9ca5ceea5f563c17f658d3166caab39062d23a93c15a2ba543dc950f5,parsed,observed_extraction,3,3,0,
20033747,08a73f5e027721c31caac70664cc1a2e3beb6184bac804412e34af6cddfd5f6f,parsed,observed_extraction,5,5,0,
20033751,a1656dc973a1adafc9d8fb64ddc0f4fe0fd4887e7ac3a5c19ebcb2a739c137b4,parsed,observed_extraction,2,2,0,
20033754,5ddce52ec5b0f9fc657a09b89b798b5d9ea68b9c827f8775bd9dfd6df15d251e,parsed,observed_extraction,5,5,0,
20033755,65a88363bf423217b6cc52b240af0093c13c187696f366a3b1cbfdf13f7d23ab,parsed,observed_extraction,1,1,0,
20033756,201da6a72d810e03cfd2137475cc632998291d6430e52c92ee8be3f9ff1b18d8,parsed,observed_extraction,9,9,0,
20033758,b8aa269f46aabde60b0ae88ac749d092147e0061a5c853a76e0f4e32a77972a9,parsed,observed_extraction,1,1,0,
20033759,0a5861a182db417541f62a0179dfbba025d06cf1aa990c4d1931a2076760af1e,parsed,observed_extraction,1,0,1,
20033760,669604dc1388e8b4cc7bc31c7e075844ca5c9bbff67bb23c39bbb9521d35b974,parsed,observed_extraction,8,8,0,
20033762,c9daa234cea9fbd9c02631bbd3b81c046838402920109300eb98536120687573,parsed,observed_extraction,121,121,0,
20033763,d21e5ae03e21c33d1df772731e41bb8ec6438598b2422de2fac5bd94dbec9176,parsed,observed_extraction,1,1,0,
20033766,f6b22179682b7812ef8c89957866e81a9e8fe4e111491ce0759c6ad01838188e,parsed,observed_extraction,1,1,0,
20033779,5eb2ad55cbddf6537f7fd410ff69a0d313e8752e396363cc5989b5944f835930,parsed,observed_extraction,4,0,4,
20033780,def9c61d887d72fee39f1948ef1c82f1703175c0215c1bfb4468609ec3ea26c6,parsed,observed_extraction,1,0,1,
20033783,63ba2ba881b5cf503f3745e26fe924d61b98afcfe489eaba6e29f89486f94ed4,parsed,observed_extraction,4,4,0,
20033789,3bdd0544c62dc1bdf7b811a0826aeeb041c2fa7b90fd4db3b34113334d78ee78,parsed,observed_extraction,62,62,0,
20033800,41687a06a23d41a021fe3c24535afd8985f290d99a58f2c795f653782d47c594,parsed,observed_extraction,19,19,0,
20033803,0b69679d5bcb0f79a4799084b4d212828e60f6e7ba95899300f7753522600708,parsed,observed_extraction,1,1,0,
20033804,03539b5fcf7d5af1b882c20287ac9d4a70dc7583f28449a2b217dad4425ccd30,parsed,observed_extraction,2,2,0,
20033813,01225dbe4c64ed79886d43226744129712483efc7417fee1e6d425a4d8e8d9dd,parsed,observed_extraction,2,2,0,
20033814,0bd565758cc5abcebcdfd68b6177319553bbd923dcecfc9da4bba0b9124be0b4,parsed,observed_extraction,6,6,0,
20033815,efea06dedad50d68f950b67ba5186fb93a857225f44377776f42a3682ca2602f,parsed,observed_extraction,6,6,0,
20033821,5e600abf4dc148f81da42e189e571aa729bbb84926ee34b961089b6108c9db52,parsed,observed_extraction,4,4,0,
20033829,fb53da5e4c766e0d06c5f00ca216ded5259531a7b9ec44e43ec85632c1b18500,parsed,observed_extraction,1,1,0,
20033830,b4e9d0a349aae13e2c16851d3f923d72d26bcb85f229a70b3e7878e32ba283eb,parsed,observed_extraction,4,4,0,
20033835,7c31df9b0469163363da843bdd97eb35e6fece33439ea33a938fbc6bc07a10f9,parsed,observed_extraction,15,15,0,
20033840,acabec2450bfa80990f5fda98082af7b1120e7aa9b8638c442fd78158bf28a59,parsed,observed_extraction,2,2,0,
20033845,79fcabea3f686d0dca76779d5c4f6d2bd072072a818eb06c8259d8c2769e10f4,parsed,observed_extraction,9,9,0,
20033856,78a67194cce7e9ae32181cc93f65ae881d77e0e289b7bebb9b4fa86c532aaf58,parsed,observed_extraction,4,4,0,
20033857,145b0958515f1c07599d842f2e411c1c641f7c10377501fbb14cc81a71a6ec72,parsed,observed_extraction,1,1,0,
20033858,c5cbb249a101d4a6802bcb56da073a234310aa86333da2376bd3a9d86f2b2a4b,parsed,observed_extraction,6,6,0,
20033881,a2d3def5793ad8d05a2ceb15b6f2f0a53d7cfeeaa51e6397f2daf0e264ae0a4b,parsed,observed_extraction,2,2,0,
20033889,bb8292221f86046da3d6897bcafe3734daf7b42f3914537914f978396144ffe8,parsed,observed_extraction,1,0,1,
20033903,03825270f369a9120a2533d4a38262688069b64c5c8ca96084d1df95c0443a52,parsed,observed_extraction,4,4,0,
20033910,128834ec39dac3fcd2135cbd087f0c2d2bd7a98879c59c8f92e4adac629ccecc,parsed,observed_extraction,2,2,0,
20033916,6ad5da3966193e5ce41e55ceb30dc423fe3643afb9667164a894c7d42a2c4528,parsed,observed_extraction,32,32,0,
20033918,c8ee6c549d0b9e643ac0d2efca53f96215e73a7ca4d686fa5dd74a923aeadc19,parsed,observed_extraction,4,4,0,
20033920,8405e3124c671d7527dfe5d0ad82663bb1e0380a42abd31971310a20d967af66,parsed,observed_extraction,2,2,0,
20033921,b486c612866c86738cc2810f34aaa1613c20e537daac4d5a467ee02da889f96d,parsed,observed_extraction,15,15,0,
20033927,472a3ff1cbcfceb93c246d8e17c80efb29ff9ccf054de4d0a5685641cc696764,parsed,observed_extraction,26,26,0,
20033928,9a894f645e9e3c801dbeabfd374ea2cb61ce2f66e969089f4e4e5bf1d5db0498,parsed,observed_extraction,5,5,0,
20033929,901ae7e34ed0d059711e7837aa67e2f48d25f46f6a57f3570ad31fb01620a548,parsed,observed_extraction,10,10,0,
20033930,6f55f0fdc350420f0418670559539756a54a83f7390a703221eadc1b46d4595c,parsed,observed_extraction,6,6,0,
20033944,7df03e6f4f3bb4ab971728d2e953bc7a3d68b619c7410df3ab8fb3cd15ef3938,parsed,observed_extraction,4,4,0,
20033945,d8becb1844a5faae29057ad61974eaba62930a5644c7c2e27ac9501c254c2b8f,parsed,observed_extraction,4,4,0,
20033946,56d287eb5376bdc5b98cb3140fcc2d674c066eca5adfd24328e9ac793f23343a,parsed,observed_extraction,2,2,0,
20033947,daed08712b82c0c4b5532004cfc9fde9a0dc1bc8481e38a0d6fbd1eed3469299,parsed,observed_extraction,2,2,0,
20033956,a7729cbd125fc340a56193c984e29450382626948d787239c21afa43875835b2,parsed,observed_extraction,4,4,0,
20033964,432b6a22dae37acc82520061e4161c269603daf411663652f9949993c4245855,parsed,observed_extraction,1,1,0,
20033981,d7d436ea3b900d5f7fec0cc49e6ff59fd10518c627a5f77f6bc1ba528c844718,parsed,observed_extraction,5,5,0,
20033983,45fbfb0feb4886974fa011ccf42478c9134cf9efa9327f8dca22a02a6c7e3514,parsed,observed_extraction,151,151,0,
20033989,70574e23ec644e8cc0fdd5b8f6227f5f0dc5e79a6bc289d3f9f2db3b8b6bdba3,parsed,observed_extraction,1,1,0,
20033991,b2e6f0623033bb28f1b8ad990199b46c0b8c00dd7844cb10dc1bd32ec32157ec,parsed,observed_extraction,2,2,0,
20033993,e2dffecc1ab26d4c020cc60a7563708d5d1d52bb730509519219d11bb1fcd4bd,parsed,observed_extraction,25,25,0,
20034010,5d007c344d2314aed5fec5cef6830b2e24e7631accf7cce25e464cbae3c5fae9,parsed,observed_extraction,3,3,0,
20034012,73b50b02f63125eec8d9abe8e60cb0d250406e6a8e476b8f503c3cd2b015182c,parsed,observed_extraction,1,1,0,
20034013,6b32bd9340f12fda0de89aba06ea7117648d34982d2025f2714f21bc06068644,parsed,observed_extraction,1,1,0,
20034016,236128873175f5a4cf9db3ae43f4a467ae275938face9d4e6b44093568747ba5,parsed,observed_extraction,2,2,0,
20034018,2bf197ff45c31c34919daff21ac9f89d705f3b78655158170cb19e7a4d4b81f0,parsed,observed_extraction,6,6,0,
20034024,16a1d5b9a54cb6d08e82cac8adb213e9d45197641316c93b881362cb4e3c4c70,parsed,observed_extraction,1,1,0,
20034025,1b50a155bdfb67d0f5f0bd83a7522697a8909e2ec0be0d42f34a85a780d54622,parsed,observed_extraction,6,6,0,
20034034,db7131611e417f82a17fe093c9938ae8e6f8c5779409cf6fcb530dbfe3bfe572,parsed,observed_extraction,8,8,0,
20034035,b966ff86da1bfb97862aedad37e1e6f866b29a5d399536f9f360367a6bcfd270,parsed,observed_extraction,1,1,0,
20034036,bfaa7be8df5f13c34c5f7ec4d09b8846c24a9629233dedbbd47bb258f21245dd,parsed,observed_extraction,8,8,0,
20034044,f30c70639b112844a13e3f647864d33db7ad4019f68afbc115a1ca5d8ec8231b,parsed,observed_extraction,2,1,1,
20034050,3623b9dc4b36b8f282fb1df766300a12092cd60a7e458c0659b14273b9cdf138,parsed,observed_extraction,3,3,0,
20034054,ded7fb4ea6d85acdef5ed6c687c896308064ec263406244b48593151dd178ae5,parsed,observed_extraction,1,1,0,
20034056,c5c7a7afe86ff4571c1d05233bf0df0aa89bcac65f55e1506e63018f51757b00,parsed,observed_extraction,2,2,0,
20034068,3547e36c979a0ec106459b188b8ec498e9f7e2974e71984d89abc8cab40fccfc,parsed,observed_extraction,2,2,0,
20034082,ff78f4c954b45961c7354ae4100d3dcea68118d9986c233833c6b8451310c138,parsed,observed_extraction,2,2,0,
20034084,8f4febcfcae8bdcc84ad0f58da44ee50907707b4709e9b6cc44e7dcf49e88d7a,parsed,observed_extraction,5,5,0,
20034085,6729daa13beb44ff72209221c0e54096741de5aed7d498ce23141ff47ab3608f,parsed,observed_extraction,1,1,0,
20034095,847d4a62d3dbba26659e08b6b5fb71303ee22ba2b79f431d24679c4ce1129834,parsed,observed_extraction,1,1,0,
20034099,69219043ed6d51d11053ab62fd0069657ce32a0627133ab19cad862f8ce758e0,parsed,observed_extraction,7,6,1,
20034102,64d3779331e0cab590229756b9e0f77bb2ea872864e9b14a251d85853204b543,parsed,observed_extraction,1,1,0,
20034105,b414d8977b5a728eb68ef68814c4a298e4271a30b866559d72862a156a408940,parsed,observed_extraction,2,2,0,
20034106,7618fd66f0adff98b1d8d5bf63509b3209cd1259155cdb205934be4058bab628,parsed,observed_extraction,33,33,0,
20034113,ce08fea1fb84352fe15d2678da453f018d66fa9478905d70a61631faaa99a0f5,parsed,observed_extraction,14,14,0,
20034114,49b1beb72005969c7c25d76fa2614f988953fe7448b899bb1196babc444f8b0b,parsed,observed_extraction,2,2,0,
20034119,35b4cd8d98df48c21db1d9edcbc7ae740aeb7ebb2c9caa1a4dfd0abc00e2dd97,parsed,observed_extraction,1,1,0,
20034123,7e510537848ed568603134733ccd8fb2b463c3759e5fc33754e153d511a0876a,parsed,observed_extraction,1,1,0,
20034128,68158e4497e818dbb1d3e9f5263e04228ef489332f0d8ba8035ad8e38844f326,parsed,observed_extraction,1,1,0,
20034129,548eb8ef2d74984996120c5d51b6c464dfc00d5e20969868cbf16a72687b3e56,parsed,observed_extraction,3,3,0,
20034130,d7910d2d881348c385eba1c689769b5d2398c42fafd2129154fb32e033b3c4bc,parsed,observed_extraction,16,16,0,
20034132,71c291615a6d629a5795167f9e37cccabd899fff16bbde1415b6feda9b452aab,parsed,observed_extraction,1,1,0,
20034133,ab098d80f2eeaf074f27d5511d38634f2482c93341b81e2fff69b21224566010,parsed,observed_extraction,5,5,0,
20034134,11f8a5d20d8e738b5cf69834b349b1b031740039c9c934894903a0e36dcc54e1,parsed,observed_extraction,8,8,0,
20034138,773a3e9ce030e6b6637c4def78a920da029ad02e93050d952fa252df36c77219,parsed,observed_extraction,28,28,0,
20034144,437e02d7e3cfa6676be6d725ba0e33e3ad7cdb1f6778e6760249e416ad2ae95a,parsed,observed_extraction,85,85,0,
20034155,7aee5ecf2eda9ab4f864a3092016bdfd7592c524f68ddb9b8c045b6373eb9ac3,parsed,observed_extraction,1,1,0,
20034156,4ac9f432ebc430fffc7ee38146d4613f14bb5ac259df2c80d02fb86096bdb634,parsed,observed_extraction,6,6,0,
20034158,8a7f5214ade4fcd83af553106f6d0a91280efa0b2138458d05cad921f4dbd568,parsed,observed_extraction,1,1,0,
20034159,08931cb7341be7c6fb8e9dc75184e42b0c12d5fe2ff0c831fd03840d313ff48e,parsed,observed_extraction,45,45,0,
20034160,743b722caa786a7f95ba165f3d8e75dd5a014f2aa71de8c746c925b2332d7569,parsed,observed_extraction,1,1,0,
20034167,9e78348ce52babc1ef5725914322ae62ce60aa7818b510122cced17944eb9112,parsed,observed_extraction,1,1,0,
20034168,f5685bc8596010101e3dc41d70fa6165fa95318411039c082851257a48958744,parsed,observed_extraction,3,3,0,
20034176,2577e9f8d5a70e165301dbfc025eb91c726d4dc2bc45ea6defdc9bad7c5b26c0,parsed,observed_extraction,1,1,0,
20034177,58136d226cb54657f2ac60aadea56d662460c97ee443953897d7410eb560c51c,parsed,observed_extraction,3,3,0,
20034178,c5fcd3fb3a905550f80c8ff316c18fd3c305a56ba150a7cf6f9263e5de06c5a1,parsed,observed_extraction,4,4,0,
20034179,de338645e1f2e7546b906c688c1b1b733d527a66d474e4be9ec05025c889414a,parsed,observed_extraction,2,2,0,
20034188,bc2323356d845b05d8f80b06e1cef4a4413efd3575141d71306aa4f0a9457379,parsed,observed_extraction,6,6,0,
20034190,fa19c61822e075a8c23b17631390e20c75daaffc6d29b996acd9dbdb7fade1b8,parsed,observed_extraction,6,5,1,
20034195,db91bb625bf59d299878a49e896b34f9619a385d19559e045a82a95ac59073b9,parsed,observed_extraction,8,8,0,
20034201,6372d59d32a7e54b69e4b456c315670456aa625572a5c78e5c29b72a81de2d43,parsed,observed_extraction,9,9,0,
20034202,d7894208102caef870e84111986aded5dfcfc045d7e52e26bd71e82fc4986441,parsed,observed_extraction,2,2,0,
20034207,49549ffffb7015549f95913e68bd72eabf03ac36505753746e9fbce52cf40797,parsed,observed_extraction,11,11,0,
20034213,a32a8ea82de3393fd0913a6c5f9cdd2f5f978fdc188605c508b4b03e57b349eb,parsed,observed_extraction,10,10,0,
20034217,b2f0f28fd95ab49b422d7e3206b249baf6fdea1bd87660cbf905625dbd3463a0,parsed,observed_extraction,9,9,0,
20034221,8250426fd678ef8c2b3085537135ce54aa7576e69eb170aa8a903e535731d795,parsed,observed_extraction,7,7,0,
20034223,2af892e1089792086c82aad44aaed464ee77f6bb3ce84f3a713237d1cf8a6a02,parsed,observed_extraction,1,1,0,
20034224,e63e1d9e86478777a389cd09fe3b2e5c7f60fe669827f08bbf868b6478150d7b,parsed,observed_extraction,1,0,1,
20034247,50bb82c3773fdba3df1039715ee03be8e4c8aad24c174d28b63cfb0e53037621,parsed,observed_extraction,6,6,0,
20034262,9b97e524c72c59529e8b3b56108223a9c1cef7963fa973ec99b7066d96217eb6,parsed,observed_extraction,16,16,0,
20034274,aca94f0dcf22bccef5d25a2bbd3c5a0ad0e950063a7f9d17e314d7704a46c0d5,parsed,observed_extraction,50,50,0,
20034280,0844be8da48fcbd5e77db32c4df07b5e964ae08143df4f83f8b36bf49dabb458,parsed,observed_extraction,2,2,0,
20034285,4d6cd51d7ae9304e8b38db4829c324c33c046a55a8fea305e49350eb4d48513f,parsed,observed_extraction,139,139,0,
20034292,85a8537c64d6f026ebc52ea01b03da37b6b3d634fb85e096a55ef6cc73fc86ee,parsed,observed_extraction,4,4,0,
20034295,4b7c672633351bc9993a42c81c68285553d2e00124b2b578b26ce49c3d096053,parsed,observed_extraction,1,1,0,
20034297,29ddc8fcb380fd00826342a9a97fd9f1c3a35b2c8426c269d35abe1abc6de309,parsed,observed_extraction,6,6,0,
20034298,e111818ef8acf58449691998ec5271543bbff0ae8243753eba1d230fcf0e316b,parsed,observed_extraction,1,1,0,
20034299,fc93d26012ede46bd7f5fb27948efb7f7e5c6f02ca83a66854defb4ded509dbd,parsed,observed_extraction,27,25,2,
20034300,be7d4de77e674f1070d04a507484b66d7188eab1a149cb48560ee5e06a5d8bdd,parsed,observed_extraction,7,4,3,
20034301,5b24c879180be7832b5033b5c7ef2e28989aa1de28ad4700a40f4b6890740862,parsed,observed_extraction,4,4,0,
20034302,861b16c3773e2b5c854aadf35bca5977728f4587547e2cf78d468e32df922bf3,parsed,observed_extraction,2,2,0,
20034305,c9147f5fa1db076c5886a8d5f896fe72812de5ab937def5821816244bcea9aae,parsed,observed_extraction,18,18,0,
20034307,1fcf45f3cf61e532b3bfacb9de30314c5e83dacd817499d7f9dbddc2981ef5ac,parsed,observed_extraction,1,1,0,
20034311,c3fc403e6f66b6db03310fc4f832590c6934de2c4f64269e4e73e255659d2d32,parsed,observed_extraction,1,1,0,
20034315,f62453ed8c0e66d4b29e92e5ef2d92ca655b0705784cf7651f8fecd2b31a1362,parsed,observed_extraction,1,1,0,
20034327,36ae020d67fedd4f8aeea56c085eebd0f4e3387fe46108bb19f07115a523bc15,parsed,observed_extraction,8,8,0,
20034342,16534309a83c7161cb67d5cd9e9d9fab1142a3091362fa2bcce1dd3fbfa966c1,parsed,observed_extraction,10,8,2,
20034345,1a261968255c9a169f4255fabb2b229a9d6bfd9f39a8a453991a7ed8aa7282b6,parsed,observed_extraction,2,2,0,
20034346,29b16843a82ef1f91b5578f02640ab2841dba2ccf76771886312bca272464319,parsed,observed_extraction,4,4,0,
20034348,6c72dceda3f29fe5b033531cdcbf5c4f05bfe87ca4af7bd919ace42da1da1452,parsed,observed_extraction,6,6,0,
20034351,1b58481cecdd446a5cf507c19b7e48e5ba8a04d06a6f71ae131e961f6b76c711,parsed,observed_extraction,11,11,0,
20034355,b3d618a73825e314121a5223c1ffca92438d2023fdf745bd267a5628f9763c1a,parsed,observed_extraction,1,1,0,
20034357,72fa8c0202baeec2622022cc6b3386513286820b1b6aa7d342e82fd2bb2219d0,parsed,observed_extraction,1,1,0,
20034359,62e20fc77153cb690245d7f3723dd2de5d303ea75d7a29113e98bdcc02091dfa,parsed,observed_extraction,1,1,0,
20034368,e2c8439e5eb87cd0c41671c2ab1f8d62532d00cbd4695ad41c38b7fbb88e06e0,parsed,observed_extraction,1,1,0,
20034375,9a801efddaea948f9cf4b97622751a21d8820aae1019a5ba5c19849fe81595f3,parsed,observed_extraction,1,1,0,
20034379,53a0558a3d20cdbe9ffd588e0acde70ff9fb61d114fd24fd954a27f1163b985a,parsed,observed_extraction,1,1,0,
20034384,f0dffcd52dc0948f085bb7866347c7badd7066cbccbd5cd1113fde5f96324cf3,parsed,observed_extraction,2,2,0,
20034400,14d951e39b535f82e2468e09e9676ff7f595bea1b96693fc5066851bed2c9ff0,parsed,observed_extraction,2,2,0,
20034401,2c8d9db3d36249a7448add491cfd9604cacbc1f94c7ed3713759f5ebfb5ed575,parsed,observed_extraction,1,1,0,
20034413,c71bce03bd5065ba79186a7497bd2cdba7685c9a4de24f17ada22ee62fcabe1d,parsed,observed_extraction,11,11,0,
20034414,94ea96e143db96653d96ede33f86bc9808ea2fdc3140328057c26f275b67e4ca,parsed,observed_extraction,10,10,0,
20034416,77abba1515d6585a13508ec05af8b61b08025ba7f4c837d23b10a3aab331275f,parsed,observed_extraction,2,2,0,
20034417,9a8686b0e8a23ff9a36142e4cd6713f17e33db686ed3440c3e9565569b8ea7da,parsed,observed_extraction,8,8,0,
20034419,4a0c196d59768c9be181e852073d2cf72727a35a6488ca99fe1d3aef4acdfa22,parsed,observed_extraction,3,3,0,
20034424,f2c2555af583fc133f43ab7f54a716886e58e1ad05461d916041746eaa87ca3e,parsed,observed_extraction,4,4,0,
20034452,1f05c5e87fdbb5e558c850d6244f6ad0d2b1b4b1bd37efaa385c09c6730ca1f3,parsed,observed_extraction,1,0,1,
20034461,256b165c4f7662b0e62e99810b516f26e4f657bf07d116c7ceff8a0f6cb80106,parsed,observed_extraction,1,1,0,
20034462,5db3cfd23b8a0dabe882584e5ea68f90a55bda3474948751ebe6abff74c4c663,parsed,observed_extraction,3,3,0,
20034466,2331e14ad1b364d7350c5aff85a68e1c3a3c2ee73272c54d47b3854624dc00a3,parsed,observed_extraction,1,1,0,
20034473,ecfb72f268971ea78eb4a861d160d3fcd5d76faac5b4e015b24ea9d3c15ae369,parsed,observed_extraction,7,7,0,
20034478,3359b1cd4e23f4d9064edf9632608b3c6b74a10d55146faa0351bb805121e03f,parsed,observed_extraction,8,8,0,
20034479,123f265ad5a6c43549dd7996984a6d9de9b0575207ca46408a2d4905a363b4e0,parsed,observed_extraction,12,12,0,
20034486,8569e664e07068ebfc96a8d6a69305d721bbd464879fc13605488dec9af89a3f,parsed,observed_extraction,1,1,0,
20034487,aa562b6bfd5ceebd044408113949b98838100ceef6de114da309cf475bf04d7c,parsed,observed_extraction,24,24,0,
20034489,754e6cf5f1299557408dfdf15c33a4a16eb9b4aaed4bd11d0bd5e238ebcca338,parsed,observed_extraction,10,10,0,
20034496,40d4ff393f5a1596179019ca6e44d697c78e341ec35c49dd73c93e8f069452bf,parsed,observed_extraction,4,4,0,
20034498,f0dc71ff9ff9d140a4bf19a23a632c98034fce25a3c4865d1acc1387fd4222b7,parsed,observed_extraction,2,2,0,
20034499,7ee314bb9290c4783e1e1f851858577078a2f63b1200fa2f92b940a808481929,parsed,observed_extraction,1,1,0,
20034500,cc4fe643d4cf8946be19ed1b6e028a79030293f71cd5ff52c1cb61548db54639,parsed,observed_extraction,94,94,0,
20034502,545f515167b4443ee67f349a132107ca277b813778a60d072edec240579631a1,parsed,observed_extraction,1,1,0,
20034503,5a5c67abc1910209202263eebca24ff2810767c079cab80e0ecff208d8cfc8f4,parsed,observed_extraction,3,3,0,
20034519,8bd7978fa772358b886d5b9a1d062365fb51a7098e1152ae02f69a63fc1ea56a,parsed,observed_extraction,5,5,0,
20034520,99a4e6e8a1b8156877f59d13bc0a56e0608f66afa2b270ab4f5479cf0121cfc8,parsed,observed_extraction,1,0,1,
20034521,f167c6df9d3c06edef68a7e46a3993b563be240f292c9254401a1c65db57941d,parsed,observed_extraction,3,3,0,
20034522,d0117a33e0a6ee057e31ce5b91f1db933f5842b686e4e67f11b16243dc131d6a,parsed,observed_extraction,12,12,0,
20034524,ef203542cb9080d04e97b7249adb940796b8e5550565e72d05b712e1b5d0ae6a,parsed,observed_extraction,1,1,0,
20034528,e863c07701305c88455b627676f73785abd7a7f1d0778bb418d679eed4214ff1,parsed,observed_extraction,1,0,1,
20034542,f420d943215246cbee3dd1654f71bcaffc697466415a71fb8bed9ec900957edf,parsed,observed_extraction,1,1,0,
20034547,497f0c09a6f4a41ece88ab6d968ef41b0d173d12c7c597f07fb3e5ad4a46bcaa,parsed,observed_extraction,1,1,0,
20034552,05db3ebbbda03d96e1889d220b0b26e338e0cf7bba5aa73aa1abf88557654a38,parsed,observed_extraction,1,1,0,
20034556,f019e347ac3f85903d590ff6d742f79cecfb4a9ece6eaa78e7a62e4d76167790,parsed,observed_extraction,5,4,1,
20034562,8e3b90f6c041b136b14ab5aa6a5847ee2d085758294fd8451c20976e17637540,parsed,observed_extraction,1,1,0,
20034563,3558f880aea2c48abf5cd861e71ecb14ebb11ef5834004c3533232ace48b0478,parsed,observed_extraction,2,2,0,
20034579,880d03a0d2f87615d2bbacc69ba7c3ba85891cbf6d0a7c2be8d86e9fc88f0c62,parsed,observed_extraction,40,39,1,
20034581,c46ddeaa948c6ccea730ad0109f7f04bb996e0b69dfe0dfadda26a740543aa0b,parsed,observed_extraction,1,1,0,
20034585,704123a6a4320c5b66defc132e2a09a26d5c2283259b75246479ef8a77647b85,parsed,observed_extraction,26,26,0,
20034587,91d2bd34e3b3ccaae3cb3ddd7164d39698c51c29a17afa60809dec4c2d664ef8,parsed,observed_extraction,3,3,0,
20034589,d2409a12eb43477f2f4a039d608e40d41a31ec260f0b14b403e2ed62155eadf9,parsed,observed_extraction,1,1,0,
20034591,564ce40c050199985019f83ce2ad895200bbc27f976de77d8a8aa5402039800b,parsed,observed_extraction,1,1,0,
20034607,cb4524466fb6267155d9ca9e057b0fe4e475b8e6ba3934cc2a101f85e0dc6310,parsed,observed_extraction,1,1,0,
20034615,975907c6051c43548e317a51c66939917b8e12a955bd9084a7bc1687c6a6fbc9,parsed,observed_extraction,2,2,0,
20034616,caa40a6102b513a6607bf355ec86ec08c8211928cb2b5d2afb9ecdac1a731108,parsed,observed_extraction,5,5,0,
20034622,d91a7f3f94b272dcd5bf2d4418516fb9243764b9f391a615c1bf85d799610408,parsed,observed_extraction,2,2,0,
20034650,ea5487fe45be55f3e87272d685d1a62bf09fec83c7ccfa610c675b1f5fd9635b,parsed,observed_extraction,12,12,0,
20034651,727b100909ff24315034cfa610bb87647882c02e245f32259ad07a1f4f3fed95,parsed,observed_extraction,2,2,0,
20034653,8753351c9900d5c7fffb358b43eee53371fa39541ebf763cdae8735667f2ca1b,parsed,observed_extraction,2,2,0,
20034660,55056c42a4158420f506ff5fffb005b4d9fb2757d621b6e4c58a23bd4dea58e5,parsed,observed_extraction,16,16,0,
20034668,fbe73c0cf5664a9d077e38a8d4bf4f2fa3854f56c00a0a277f8e0ea9ccf4ba7f,parsed,observed_extraction,1,1,0,
20034670,44682e6a222bc7e245b5d67aedcedc665e92fe41b66c619fd8124b6d625e6aee,parsed,observed_extraction,1,1,0,
20034688,cf1b9ec6f1ccb16a4133c8b587742bc6b87c165d7a959647cf09effbb6b2996f,parsed,observed_extraction,1,1,0,
20034693,13b3a810874368041eddf133767dd47176f46144d2bd060412afff01953969ec,parsed,observed_extraction,20,20,0,
20034694,ac1a9310132f511ce2ad114626fbf17ef8298072afa1675dd580a956d364e735,parsed,observed_extraction,6,3,3,
20034695,4d33d3728cf28467ba127fab1f672cc77cb2936885237ed7266c11a888aa974e,parsed,observed_extraction,5,5,0,
20034702,129673b36422059050d4dfc25697d4bf78cbc7c4b9915f9b6ba5b41d6ac6d23d,parsed,observed_extraction,1,1,0,
20034706,4076155c4fbaa48bd12cb13cbff219bcfc7e88787f2ddea4a873b7cb5de015fc,parsed,observed_extraction,2,2,0,
20034709,ea46f97b58f5e4fd4f05b6a24a9ed8aa629c053c8b32b3479e6f1c625dff0b4e,parsed,observed_extraction,14,14,0,
20034712,df82e92d9dcf36a37dee7906cbbf28877448279bfb861d87bcff3f1ce032b27f,parsed,observed_extraction,1,1,0,
20034713,4ab798bf963b447041e4231562a97ade94585afb0690d5cd27e4c40b9e844776,parsed,observed_extraction,103,103,0,
20034717,8586eb044d8634ae9b8bae36dcba27f721754ac8706ce4be333e128ad7b1a8aa,parsed,observed_extraction,1,1,0,
20034718,320a2fa973f972c71d1bb7f347a9967ea774e7c5615edd1c212415059a232b1a,parsed,observed_extraction,53,53,0,
20034721,5346a6cd41245d74b05db4a7fc1074156d40024f6ff92200b588a760d7e2149d,parsed,observed_extraction,2,2,0,
20034726,7dedd043fdee82a20739c3c9a11bc136df9631c2ef2247e29834c6365ffea1df,parsed,observed_extraction,1,1,0,
20034727,bbf37c10031714ff4e5b9b42d2d3a460ff0d58e4817606821cd98802684f509b,parsed,observed_extraction,1,1,0,
20034736,44014e826952c99fb4795ea3ef751748d8f6a9b396b340f00265ace6c3541dcd,parsed,observed_extraction,1,1,0,
20034740,a83bc8518ece3bc7ce92f474d44399a514afe6f788628ec991833ca67e36d80b,parsed,observed_extraction,4,4,0,
20034747,84a39d7c52b459412bded81909eb58fe1899957a29870d9735debb421bc0a395,parsed,observed_extraction,1,1,0,
20034748,4923cdb3999b08df16f7457dd3b76f53da56b7310970c5fd9b44f74030a01c7a,parsed,observed_extraction,2,2,0,
20034749,4dcf954111de683d8f8cec0ca3aea0e910965fa7c707b270675b24ed3ad79023,parsed,observed_extraction,4,4,0,
20034762,545c837953739c72700df0599c2dc431762d8e7b04a57a2c433c29d5960d53f6,parsed,observed_extraction,1,1,0,
20034767,b47fc0fc9f811a6544453c7e7aaef24806f9e003ddd2f92cb01c0dbfb0fc1bef,parsed,observed_extraction,3,3,0,
20034774,aa6508e8638c8266589375399517da376d061c94c0cde3990986244a8e51423a,parsed,observed_extraction,2,2,0,
20034780,513eb9ccf5eb103e180b418c4f31646a103a3f6e0571bb288c16667b1083b684,parsed,observed_extraction,7,7,0,
20034783,44d53c8bd7688a5ac622d9ae078904402ce468a27d03688561a1c44454bf3325,parsed,observed_extraction,5,5,0,
20034784,843e08588b6c05700c01910def9ca1153346ed5c60e3af9220756f36a9739651,parsed,observed_extraction,30,30,0,
20034790,9907f658a79c2d4036ef21eb865feb93a20823a9674c284ffc9090ae505a955b,parsed,observed_extraction,2,2,0,
20034796,2b78212b71e77830566cb541c2028b6b13ccc9e1f464e565acb1e739b510f1e6,parsed,observed_extraction,1,1,0,
20034800,aab374c3fb3f99ac9daf7c26a3a1e1ee365b6febf104e09559312431a2f5e0e8,parsed,observed_extraction,4,4,0,
20034806,a6559a845a6de88fc968e39b754a733a9a6060e0b50673a1620e17f3cfda2df5,parsed,observed_extraction,1,1,0,
20034807,dc0828457053c23e0c2371da2db3cbc352515da6a5f3c710117aeb59c3ec790a,parsed,observed_extraction,13,13,0,
20034815,dc97e2c4be60ea7153af0e9763e651cc1cfdcded18e3fc4a7017b20b88606f6a,parsed,observed_extraction,3,3,0,
20034836,90bf98e6a2a3685f429964bb0e154ae05cc99423227b94666012332b81dc821e,parsed,observed_extraction,2,2,0,
20034851,7cc1507cfe217404e7d1868e9f89b39d156682d1e70ae795f523515bcaa5d90d,parsed,observed_extraction,2,2,0,
20034869,5fba9e50145767d8e91ec326f741105834e728114ec6005e1bf39b0978ec48bc,parsed,observed_extraction,2,2,0,
20034891,6c04751c8968aebadd3acb0fd5c9574b114b2ee10735d85afaa964079f441e15,parsed,observed_extraction,1,1,0,
20034892,283c8552f00f85ab3c3814e20424c884a6d7f8df3fd7f7a5c416337f4a7d92bd,parsed,observed_extraction,8,8,0,
20034894,608b5187192c389d67a0bc033458d4fac3215194821982049102a5bab2a2df9b,parsed,observed_extraction,3,3,0,
20034895,538a33f520893d9d31d1418978494962428d205b5efd6cb07fb4f0cf28c5abcf,parsed,observed_extraction,3,3,0,
20034897,d7d6ce4a662945c67682198a8301b0ee1834f0471dce239dcbd657ebb4cd5543,parsed,observed_extraction,2,2,0,
20034898,bf8ed44991b7e245276dfb5fa887b658e3258b8400c83f21ab7c50cc8eb4e24c,parsed,observed_extraction,2,2,0,
20034906,3846d63d6cc21b4a9d9e04f4a2cb41b823f7d28f513c0d3cedf6468004327bd2,parsed,observed_extraction,66,66,0,
20034908,5b5361d2f1ccb23619301b65db632873f9b96fd44250d5b669149d91893183da,parsed,observed_extraction,3,3,0,
20034911,5fff4f6c6f8ee91fad6c875b5d5227419421af78d83bfe5c0c1415b3b1f27f98,parsed,observed_extraction,13,13,0,
20034915,b880312727c02b0368b46d9b16e4529eb7eb68d7b42682ab98b10d74dfe06d42,parsed,observed_extraction,2,2,0,
20034916,a88020b4fa9ddbbf04ca218059ec63910e2278c136911c6d8f882ee8c282ed79,parsed,observed_extraction,1,1,0,
20034920,862e30abeaa326036c12667b29807814b9a751a4d1c22953e6b427348a23aeca,parsed,observed_extraction,1,1,0,
20034923,abdd0c43e6feb6485797ad2b0b12f00884dfa30c98859d9a7234f5b8f7cc01c5,parsed,observed_extraction,4,4,0,
20034928,f831b7998513e66a5401e016c574ac7cb8c1cc6866173c8cb574f9dc55c72990,parsed,observed_extraction,10,10,0,
20034932,d3abe2a6267cddd2a4acb43c68d89dae80cd6b6fd9ce00f5bb853aafee852949,parsed,observed_extraction,19,19,0,
20034938,c0fa0791a8bc0b4d48e93a245f0ce474ebdf8ddde5c9aa0c60a3c0aa970102a0,parsed,observed_extraction,7,7,0,
20034942,d68e3987db7442b39fa9f4b4b3d8ba6239218cdcf06da6aaeb44979cb83f2cb6,parsed,observed_extraction,2,2,0,
20034945,ef282ec9b045f42f6c23240f00dc48ac28120f619c35995d5f0f1b8cebbd1f2f,parsed,observed_extraction,1,1,0,
20034947,555424be32d8cbbcc1e36bb3bc699c221a380e7303f5bafbfe186045da342736,parsed,observed_extraction,1,1,0,
20034949,29b040dc72066d53ab778dfac10523989ce51bd3c11b7ec754da536df0f54fc6,parsed,observed_extraction,1,1,0,
20034952,4883e3795e143b0c32dbe6e066253ac7a16d6ab6bdb41fd3f464d62405c7ca86,parsed,observed_extraction,1,1,0,
20034954,d2de528e60493cfa88599b35aa0a480f9f061697a38a8b19ea36c52f41bf352f,parsed,observed_extraction,16,16,0,
20034960,6757d8cfbf09609d4439ae536eaf6a0ec7aa7f3a7e58c78e0e597eb4157945a7,parsed,observed_extraction,2,2,0,
20034963,40114625957ab434c7eccbc6bb4694317ce9d5b01a01c728735fb7c4cf0a44e0,parsed,observed_extraction,16,16,0,
20034968,35ce83e43f2c112c8807650cbf2812bc74fc46ffb0bd400ebed956d0f92b51d4,parsed,observed_extraction,6,6,0,
20034972,67e778d0936303a535b79108270709d4c2965a8bacf092dcd369b98cf5531592,parsed,observed_extraction,1,1,0,
20034977,67cec68aa0e276adb820919205ac98193e272550372d3fd1d1bf4802bfb6392c,parsed,observed_extraction,4,4,0,
20034984,01d83425f34d0298834ce85c7ee0c1be8dc0d5f510b32663a71f68357af1e248,parsed,observed_extraction,1,1,0,
20034998,5808cf848317a2c06ea11ff4b1779ce68e4db1d3cf17a57c92823b2556d070e6,parsed,observed_extraction,31,31,0,
20034999,24ab4da62e7a7fbec80e90dd68835f97aa41842ff70533d080621db93a0e79a2,parsed,observed_extraction,1,1,0,
20035003,de4533ebba86cbd6ce4a9fbd505f00570d46fc1fcdd5cbeb551399ab27e96fc3,parsed,observed_extraction,18,18,0,
20035007,6c10a91931a09cc0bfec15807be77062d628f7f8b3a50f27138038ac73db873b,parsed,observed_extraction,1,1,0,
20035013,91d206278cf2788ef42eded7dbf29785557a60b9690416ec7e00eacfa8bc667e,parsed,observed_extraction,3,3,0,
20035023,4ac0adc4bead48b10c0cdd3a4b832211c08e67dc538180d365257201570cc940,parsed,observed_extraction,1,1,0,
20035024,08497b4fc6e9ee943195186061ed55ccf8a99c9e77eb22fca89b723f44c17ea5,parsed,observed_extraction,8,6,2,
20035035,820c98c17ead952abd59efc0db0fe973124f3584fff03cb5777dc02f1a96ca90,parsed,observed_extraction,77,76,1,
20035042,9ee63b0082751d16e669f316a6af3b3c001d4e56c271d7d03bd81380eab443e9,parsed,observed_extraction,1,0,1,
20035047,f0357b28a94fe3978b0b137f24c3bfcfd769bce95c5f2bf2a7d1318765564f27,parsed,observed_extraction,3,3,0,
20035048,47969846ea149aa5576a17fa3731b51f8ad4c2f400b212506569a76e013167d1,parsed,observed_extraction,1,1,0,
20035065,b11781dbfda9c81b463455b1eb4681576688aa426a6c2096b8a16159bf5235ba,parsed,observed_extraction,1,1,0,
20035067,c0e82fa784834de0967da68441d2b33b46bcdfbfca546b74d425544ba5322c4c,parsed,observed_extraction,1,0,1,
20035068,574377910dff2c2718df0f5ae65308b0f8977066d9814afc1bd52a45f74d23ab,parsed,observed_extraction,1,1,0,
20035075,7828e6aff9cdc14b1efe410fb4439fc01b590a6f2cf9c1758ed1e05af0c3b71d,parsed,observed_extraction,1,1,0,
20035106,eac1d6e5b8f6335e4dcd74c8f8222b11af6708e77be03c7cfc0264285bbf0c31,parsed,observed_extraction,2,2,0,
20035118,23ea765c7b67587726db1e6b65cbd219cf528eee945c9a36d43b19079957f7ae,parsed,observed_extraction,62,62,0,
20035130,471b9dc17ab70baf0339d1fc5cd9f6e09bf7381cb0ff7237cba8a86c0f8d9fb5,parsed,observed_extraction,5,5,0,
20035131,18fb2395c11e0e68d9639a807d40dbbb99b7288f1eb65341a18ed3703a1d9c81,parsed,observed_extraction,1,1,0,
20035134,ad182ec8d9b632115329f229f9144c0390affbf4a77ae52e7debe1352ddfb81e,parsed,observed_extraction,14,14,0,
20035136,447b1fcc6f6bb848d002bd47efeba371f3d8ed51bb33b5a09e750f5e3b52d588,parsed,observed_extraction,1,1,0,
20035138,d066d317e7742aeb5721dc3bef11164800ca4228ee35a063b39d6ad2c295de6c,parsed,observed_extraction,6,6,0,
20035143,d745987c4b51ed65f9c8955932ca5c94a916f758201128d6f9978b4438fdb9e0,parsed,observed_extraction,7,7,0,
20035146,15894132e3c60e58939f9e3f7192e39dee17101299d62089fd59ebdb54f225fe,parsed,observed_extraction,10,10,0,
20035147,3ec9dfcd147796236fdb7686f7d992cbe749709934a723e1625d0a9de8f8709f,parsed,observed_extraction,32,32,0,
20035157,7a8c1c6a67bc738d70127ea2fe636e3bc9af7bf172c2d45b65a0db9529e8e312,parsed,observed_extraction,1,1,0,
20035175,bf9043d9724ba4b0304bc848493a729e802b7ad52c6184ac301468c67f519f57,parsed,observed_extraction,1,1,0,
20035180,a702055d09f3bd1a1c6b9f3dc5487988590641cebbe332d9c6c3bcfbdf637cd9,parsed,observed_extraction,4,4,0,
20035183,2088113d5df2abfe0f09a817b3b019720f8cf1b3f9fae82e2f1e0d66dc597dfa,parsed,observed_extraction,1,1,0,
20035186,7f4dfcb3afdcb255245165c0e3b59c58882db758c2079107be3b80f70dedd7d8,parsed,observed_extraction,13,13,0,
20035190,a060aa732dbf467bc1fd723c61c40e5f3f512a1720a85cb8c53ec873f18e8022,parsed,observed_extraction,66,66,0,
20035191,84b342dd33c462efca7f4740b81367a6ed6bf7a0d67dd3e4ceab63c384e4db05,parsed,observed_extraction,15,12,3,
20035196,951740000ede6c5cb506bb14de74c7a8ce7d17d082d35f46ee4c24915583e677,parsed,observed_extraction,2,0,2,
20035203,d6c6ffc892ffeaa7210f4d4a3c85e1d77723426fccbf2ea6f8503781cbdec854,parsed,observed_extraction,5,5,0,
20035204,55daa24e31084629d9e3db35c25b32fe38d42bc97c6640a11e56d0d58ff75739,parsed,observed_extraction,26,26,0,
20035209,5c856cad5c698539eb8abbc99aa8e97cb8bc551a4993d7b912ac1c5fcbdd243a,parsed,observed_extraction,1,0,1,
20035216,6e5b2f96da59704c5033f0b0b61a5c33a20641e626247e0422e2ed6bdc4777b6,parsed,observed_extraction,1,1,0,
20035235,f590b647b25853b8a288a96d8424e5586d9264476f8d563695a6c6ce41b1d1ba,parsed,observed_extraction,2,2,0,
20035243,7b047802ae6ec430f14d1195d01fe2fd0cd14481d21ac6bee8460fbdd1e00bd1,parsed,observed_extraction,3,3,0,
20035244,3db9ff497002d7ebd5e172c6c71846b6ef8bf272c3c04f090619e07200ffbed0,parsed,observed_extraction,7,7,0,
20035260,6fc31ac8feb1040b81469cc510002cbce91df4ae9b582c8ebb45921dd8b4db12,parsed,observed_extraction,3,3,0,
20035273,d3166c8e317192542a0f1c34fa344f87c3a462ad0b68431da8fd83286944f482,parsed,observed_extraction,6,6,0,
20035274,8010f25e6cc7ee60b87d0713807ea76b5ce9b4b11f3e9328d04b8fd316421fdb,parsed,observed_extraction,3,3,0,
20035275,d15fa69d8ee9dd925c074f095de6c44b71573ddddf9f58ca3388a376c90c3d64,parsed,observed_extraction,1,1,0,
20035289,63e5aa8eff100fd93625d1ee3dd9f10bc10c70d0a863b7b6ae62a79e9acf6ecf,parsed,observed_extraction,5,5,0,
20035291,00784f80dcba4d620312cc7600bd4c3ab8a3cbf927f0b0f656610b7fc568fb98,parsed,observed_extraction,1,1,0,
20035293,41a71709ed2361bc8d2a951c794ff0657289ab76d27de94e6c08d4fdec30aafe,parsed,observed_extraction,1,1,0,
20035309,5249fcf26a3ee50dc6ee4dead02cecb7f7d0e97d8e4a6c7695f316e18e086757,parsed,observed_extraction,1,1,0,
20035326,a9e0e365efd343e4eba219c9b47494f617358d2085d3bd2d9866e56d7335147f,parsed,observed_extraction,29,29,0,
20035345,91bba9a2be22622ad127278cf9611536fbbb52046568238e89c25c1d7f0076f7,parsed,observed_extraction,1,1,0,
20035349,1f29c0977a1b66c14c6d96c33a40095934f50ccadab0001f2ca8560d969c14a2,parsed,observed_extraction,3,3,0,
20035350,c19294201aacdb7d7ba407f62a8a2e3f890700994707dc68a8b6a9fedab4d6c9,parsed,observed_extraction,2,2,0,
20035365,dca8888124c8d354932d805a2e7308de10893c60dbea3f3c73c8e9d14be6571a,parsed,observed_extraction,2,2,0,
20035367,e60ceed4c4621b0a9f89ab11640b822d2160bbae1e5c5e550585964777dfc8e9,parsed,observed_extraction,2,2,0,
20035370,af73c26251afec1ef51a12dfe1e0821df3dfdd059b8e464b734c0fb48dacdb3e,parsed,observed_extraction,1,1,0,
20035390,381aa54d6cf81b155942b1a4e0229b3828347020fea3b059e5add10172be36a7,parsed,observed_extraction,58,58,0,
20035392,0ded878d906f083e16bfae86cde552a9e66fe201d186f1cd05aee50f92a65de6,parsed,observed_extraction,9,9,0,
20035400,dcea39d860a73dd63a93a8c25c95a942824e3be4704f1afdbb2d83a44bd12d30,parsed,observed_extraction,1,1,0,
20035401,b8d38332c8571d222ca3222e3433ef02c2e501f17a6ebe9f925d778a76fc8f77,parsed,observed_extraction,1,1,0,
20035403,55752b5cf70ff43385643529df93ac6a92016c9a88a877c75e8973478219b7c2,parsed,observed_extraction,2,2,0,
20035408,bd3fbb7e19b135f4bed331da4c7b8422333a1c5415219cfeb1138908af3f12a7,parsed,observed_extraction,78,78,0,
20035410,873ec78054f816fac6e44ab87a70076519241b31607b9a41696e5012a267cd9c,parsed,observed_extraction,1,1,0,
20035411,c1f0997c0d906fdd5f531dcdd58d2002972b84287889963980c45023ac0be78a,parsed,observed_extraction,12,12,0,
20035420,1d914b88ab3a5bb0a12166fa68e769e6dd910987bf060ec3e29a6b86b40b8fc6,parsed,observed_extraction,6,6,0,
20035431,1338cbbbcdfc8837b935f94916ecaa9bb8c30f0c6929c8abdb346a75c7446165,parsed,observed_extraction,6,6,0,
20035432,da478f9928cc0bc16bc8b591f042e7118913727b49db1f0a2c1de35fe218a83b,parsed,observed_extraction,4,4,0,
20035434,df800ad4c9740bbc5e51c6febe3847cdf38b0de57b610f1ff2730cbb38632293,parsed,observed_extraction,17,17,0,
20035444,382fce7bb2a109acfc46aabff7969d404f3e42ffc883348e1a3b3f7542546e11,parsed,observed_extraction,1,0,1,
20035445,799645a80b1e83b8b3eb83331a8d2f4a762837a6c2e2f25f869b74f6ea01727d,parsed,observed_extraction,1,0,1,
20035450,4855dbf37259adfb23c47b4d8b2784e55e74ca543f570d75c6110193cdfa6369,parsed,observed_extraction,12,12,0,
20035455,513999c63ca7ba67002b54716a863f2b040ac44c1c8dc74af429fcd258b8ae08,parsed,observed_extraction,7,7,0,
20035471,dfb12374c04374811508a7a9a09136412a7aa9caf99120969996c82a06939344,parsed,observed_extraction,2,2,0,
20035480,fd1c2f0815706e79e89005d8739e53c1bfc917eed0242b26639a31e13f8721b0,parsed,observed_extraction,2,2,0,
20035489,d756aec38e84ca768594cea83f8b58235103485516ed848c40971c5ba6a36c7f,parsed,observed_extraction,4,4,0,
20035491,ed79fd9e424e68499cc924d888446f8c5aff735c528f0671917389126ee2ff95,parsed,observed_extraction,99,99,0,
20035492,733d2c9c244f1c4a075dfa67412b12eafbf13b59ace93ac0d4d7dd87686dcefb,parsed,observed_extraction,3,3,0,
20035499,6e17007df0d27dcc8bed2df12c3a998f823998c10c93e4f05d36d63b91078b34,parsed,observed_extraction,1,1,0,
20035528,c19957a7c162a5c304c8fe4e86d3ee4dd0ba3ff68d4324f5fca3244c1a47f470,parsed,observed_extraction,1,1,0,
8221321,a11a8608a49ddd4dc599c5c7cdd00c08d4a18849bd5ca9157f5678f8de83e67b,failed,unknown_parse_failed,,0,0,archived_parse_failure: Snapshot operation failed: House legacy PTR contains no recognized transaction rows
8221322,26f1ce2fb7823d2e84ea4fbde24514c5c6371b43a828720d50f21b1c8c7ad314,parsed,observed_extraction,289,0,289,
8221326,adbb2422df7a789bed852b5b6a319be744eea57b55802c17df8ecddd522b8a87,parsed,observed_extraction,31,0,31,
8221332,881e6363952d6a6e502d0b46335712d806c3503966c051bdd2a2212c6eecefe3,no_rows,observed_extraction,0,0,0,
8221358,4df42ba1c69022a27f57daa8928ab9f74db7614a678da296fc1e76083d82e816,parsed,observed_extraction,223,0,223,
8221359,f9a70eab14f09a3ee99748058a7eed7dfa9be2f62817066a35d6acfd673b097e,parsed,observed_extraction,57,0,57,
8221360,106083fc58815d570a6f4128e6f76d9e791d38707f55275b9c5686dd35179d3a,parsed,observed_extraction,4,0,4,
9115704,c830ee046083e8894f0a360f011186e755f3bbf0d6b83c7084611e80e1776d81,failed,unknown_parse_failed,,0,0,archived_parse_failure: Snapshot operation failed: House legacy PTR contains no recognized transaction rows
9115711,42d8eda1c952b16aa21f1293a8f7f34592441c0757eac9a1650bbc8c95d7e564,failed,unknown_parse_failed,,0,0,archived_parse_failure: Snapshot operation failed: House PTR header does not match its archived identity
9115726,b453fddb193c7cabca36c818e2f8a92e4140c1a77e12a4ecae4d3b530bdceca1,parsed,observed_extraction,161,0,161,
9115728,38fd4e814542a1010e7df774145956510e37f0b6c2085bbf84c4a0077ef5d767,parsed,observed_extraction,49,0,49,
9115762,0f8693b3d1df1b5620ca75a7cfcd8ec1150e3cc22a264afd81f614756e72fc3b,no_rows,observed_extraction,0,0,0,
9115808,05b2fa3becd71c9bb141690130708079407e52a6e169cdacf42a467e09e0bda5,failed,unknown_parse_failed,,0,0,archived_parse_failure: Snapshot operation failed: House legacy PTR contains no recognized transaction rows
9115809,0955f6961d01717aefa76635a84579d868b66d73cddbefdb9ec87f59bcc3fbbf,failed,unknown_parse_failed,,0,0,archived_parse_failure: Snapshot operation failed: House legacy PTR contains no recognized transaction rows
9115811,2f4b2b6e98e044e6368a072275804bc61dda52f6f1e15c09ddb9074ea1b8952c,failed,unknown_parse_failed,,0,0,archived_parse_failure: Snapshot operation failed: House legacy PTR contains no recognized transaction rows
9115812,f482dc24b86f6099b22cb2ad15cc400f63eefdaa54354e779832f6a337a962c8,parsed,observed_extraction,1,0,1,
9115813,737955c7c26c497eda37f4378e1af51409b6231204a82d7ae2c3f25c10e0ae84,parsed,observed_extraction,1,0,1,
9115814,fa5caf02b1b6d2b3238b28277a32fbfb0cdf1f452ee1e5246bf2a9719bdf04c6,failed,unknown_parse_failed,,0,0,archived_parse_failure: Snapshot operation failed: House legacy PTR contains no recognized transaction rows
9115815,cd5d96fd9574074203021afd03aba9950b28199951a06a26d4c0d39b7a16c8ad,parsed,observed_extraction,3,0,3,
9115816,7b63c7eed7a3568ac352bba8e968a330768ddbe7590a632924fca11db18f9cc0,failed,unknown_parse_failed,,0,0,archived_parse_failure: Snapshot operation failed: House legacy PTR contains no recognized transaction rows
9115820,e1254f953327174fe80a856137e386c3dea42aa58728d350105822bfabab6860,parsed,observed_extraction,28,0,28,
9115821,01062352d9464041e4f4a4ca934a2690fa924e95d57c66836bbbd75905d7c7c4,parsed,observed_extraction,2,0,2,
9115822,9b345e0f1377af7bbdd227a11d10cf1ec302462b113ede890a5b65998d1e86af,parsed,observed_extraction,108,0,108,
9115901,4733b9c84441cefbcfdf929c349dfbb7010546c81d916c622c775610a8c48ccd,failed,unknown_parse_failed,,0,0,archived_parse_failure: Snapshot operation failed: House legacy PTR contains no recognized transaction rows
9116141,716cdcc10bd57c400f10d8bb4133eb667931a9699fb1835ed3b7deca010a36a1,parsed,observed_extraction,60,0,60,
9116142,e2e0fb69369dbb5b56c3c214792a126ab73c4bcd280e960f14e76eaa0368f6b0,parsed,observed_extraction,172,0,172,
9116146,30c359457b29fde3cf0d76216c9b9927e21d675f2e8f8b8541042637a875204a,no_rows,observed_extraction,0,0,0,
9116197,e89ec2f7ff2bd362f273002d70184a21a7da1da382b41e756fed163377802a71,failed,unknown_parse_failed,,0,0,archived_parse_failure: Snapshot operation failed: House PTR header does not match its archived identity
9116206,e52065ddff1df9c62032993d8352c66d9ad3971b7bd27518c5fe5bbf3a8048e4,parsed,observed_extraction,97,0,97,
9116211,4b9b6aff9ef8f857ea3483be1643667994bfdeee625679dab290f6332afacebe,parsed,observed_extraction,56,0,56,
9116212,758f38089886db42330f33a9fc8ed8b9960b0edf0c28247fa34afc1a2694a660,failed,unknown_parse_failed,,0,0,archived_parse_failure: Snapshot operation failed: House legacy PTR contains no recognized transaction rows
9116217,9a68e774d4a7948d523a8fecf4ce835fe0fa9dee34089a84b4234306beca3408,failed,unknown_parse_failed,,0,0,archived_parse_failure: Snapshot operation failed: House legacy PTR contains no recognized transaction rows
9116218,58579e4ebcaf0aac95dacb7d84fc886004cb47a6620c2c94c39172038d00daf4,parsed,observed_extraction,1,0,1,
9116249,6578dc8f56ca3b087743fa89e5cf82140de1444a7f09f9d3709b5cd63fdb366e,failed,unknown_parse_failed,,0,0,archived_parse_failure: Snapshot operation failed: House legacy PTR contains no recognized transaction rows
9116256,20a57322d6853c46b523003c13d6c795d145eb0bca5796c5110c7b847d2a9edd,failed,unknown_parse_failed,,0,0,archived_parse_failure: Snapshot operation failed: House legacy PTR contains no recognized transaction rows
9116257,974a902f4dd6fe7eaeba9968d8fd2b70ba0ca8e522116fe5c0bcb1e617b736f5,failed,unknown_parse_failed,,0,0,archived_parse_failure: Snapshot operation failed: House legacy PTR contains no recognized transaction rows
9116258,73e80d211184171ae2eef8dd089ef3271ceff76978abe95e24fbc681bd6d4155,parsed,observed_extraction,2,0,2,
9116260,40abd1de969ff344fab5f3c8950a17ebb8ab5df993ded910f00e48d0d47e385d,failed,unknown_parse_failed,,0,0,archived_parse_failure: Snapshot operation failed: House legacy PTR contains no recognized transaction rows
9116267,05081479c7a1e25becfb7035cbc0107c3d56aedcd82eeff50d4a8f26b9e026a5,parsed,observed_extraction,64,0,64,
9116290,7cc36ca57a26ba0331fff01f6210d58d41719f074017442c14fc47983b27b42d,parsed,observed_extraction,4,1,3,
9116292,7bc49307a68e1dcfc8676fb885118da00f7fcf5b51a297eae214a65e564f209d,failed,unknown_parse_failed,,0,0,archived_parse_failure: Snapshot operation failed: House legacy PTR contains no recognized transaction rows
9116308,58443ef6f4d8ffb63524a94d2ed65b186f8eb7d38e5651947ea932751c8c0452,failed,unknown_parse_failed,,0,0,archived_parse_failure: Snapshot operation failed: House legacy PTR contains no recognized transaction rows
9116311,aa3092ca162c206e04512a28baf0e06619e49252779e035cdf10e5afa6ccbe8c,no_rows,observed_extraction,0,0,0,
9116326,be114957d03486636e639fe9d6c124c71ba8634e2f38f5dfb672eee92502ad2d,failed,unknown_parse_failed,,0,0,archived_parse_failure: Snapshot operation failed: House legacy PTR contains no recognized transaction rows
9116328,2b8a3cebc4a69f509593496502f0821ebac60359a37fd2e7908d0ddf1fbd3526,parsed,observed_extraction,59,0,59,
9116331,58cefce89a3fe84a5d4893337e79b4bc9add769d02fac1869403456afd5a4343,failed,unknown_parse_failed,,0,0,archived_parse_failure: Snapshot operation failed: House legacy PTR contains no recognized transaction rows
9116342,595f56ee7d8b5528b34939d9e7a85ec01981d89432f525289d7320cca4c4ea69,failed,unknown_parse_failed,,0,0,archived_parse_failure: Snapshot operation failed: House legacy PTR contains no recognized transaction rows
